"Id","IsDeleted","MasterRecordId","Salutation","FirstName","LastName","MiddleName","Suffix","Name","Type","RecordTypeId","ParentId","BillingStreet","BillingCity","BillingState","BillingPostalCode","BillingCountry","BillingLatitude","BillingLongitude","BillingGeocodeAccuracy","ShippingStreet","ShippingCity","ShippingState","ShippingPostalCode","ShippingCountry","ShippingLatitude","ShippingLongitude","ShippingGeocodeAccuracy","Phone","Fax","AccountNumber","Website","Sic","Industry","AnnualRevenue","NumberOfEmployees","Ownership","TickerSymbol","Description","Rating","Site","OwnerId","CreatedDate","CreatedById","LastModifiedDate","LastModifiedById","SystemModstamp","LastActivityDate","PersonContactId","Jigsaw","JigsawCompanyId","AccountSource","SicDesc","OperatingHoursId","FinServ__ClientCategory__c","FinServ__FinancialInterests__c","FinServ__IndividualId__c","FinServ__IndividualType__c","FinServ__InvestmentExperience__c","FinServ__InvestmentObjectives__c","FinServ__LastInteraction__c","FinServ__LastReview__c","FinServ__MarketingSegment__c","FinServ__NetWorth__c","FinServ__NextInteraction__c","FinServ__NextReview__c","FinServ__Notes__c","FinServ__PersonalInterests__c","FinServ__PrimaryContact__c","FinServ__ReviewFrequency__c","FinServ__RiskTolerance__c","FinServ__ServiceModel__c","FinServ__SourceSystemId__c","FinServ__Status__c","FinServ__TimeHorizon__c","FinServ__TotalAUMJointOwner__c","FinServ__TotalAUMPrimaryOwner__c","FinServ__TotalBankDepositsJointOwner__c","FinServ__TotalBankDepositsPrimaryOwner__c","FinServ__TotalFinAcctsJointOwner__c","FinServ__TotalFinAcctsPrimaryOwner__c","FinServ__TotalHeldFinAcctsJointOwner__c","FinServ__TotalHeldFinAcctsPrimaryOwner__c","FinServ__TotalInsuranceJointOwner__c","FinServ__TotalInsurancePrimaryOwner__c","FinServ__TotalInvestmentsJointOwner__c","FinServ__TotalInvestmentsPrimaryOwner__c","FinServ__TotalLiabilitiesJointOwner__c","FinServ__TotalLiabilitiesPrimaryOwner__c","FinServ__TotalNonfinancialAssetsJointOwner__c","FinServ__TotalNonfinancialAssetsPrimaryOwner__c","FinServ__BankNumber__c","FinServ__BorrowingHistory__c","FinServ__BorrowingPriorities__c","FinServ__BranchCode__c","FinServ__BranchName__c","FinServ__ConversionDateTime__c","FinServ__CreditRating__c","FinServ__CreditScore__c","FinServ__CustomerID__c","FinServ__CustomerSegment__c","FinServ__CustomerType__c","FinServ__KYCDate__c","FinServ__KYCStatus__c","FinServ__LastTransactionDateJointOwner__c","FinServ__LastTransactionDatePrimaryOwner__c","FinServ__LastUsedChannel__c","FinServ__LifetimeValue__c","FinServ__ReferredByContact__c","FinServ__ReferredByUser__c","FinServ__RelationshipStartDate__c","FinServ__TotalNumberOfFinAccountsJointOwner__c","FinServ__TotalNumberOfFinAccountsPrimaryOwner__c","FinServ__TotalOutstandingCreditJointOwner__c","FinServ__TotalOutstandingCreditPrimaryOwner__c","FinServ__TotalRevenue__c","FinServ__TotalPremium__c","FinServ__ClaimsOnHouseholdPolicies__c","FinServ__HouseholdPolicies__c","FinServ__InsuranceCustomerSince__c","FinServ__TotalClaimAmountPaid__c","FinServ__TotalHouseholdPremiums__c","External_Db_Id__c","Partner_Code_c__c","ID__c","Address_Check__c","Credit_Score__c"
"0015j000013AU7aAAG","0","","Ms.","James","Jones","","","","","0125j000001dEi6","000000000000000AAA","","","","","","","","","","","","","","","","","","","","","","","","","","","","","","0055j000006yBs7AAE","2023-07-17 15:01:12","0055j000006yBs7AAE","2023-07-17 15:01:20","0055j000006yBs7AAE","2023-07-17 15:01:20","","0035j000012LUNAAA4","","","","","000000000000000AAA","","","0015j000013AU7aAAG1689606079649","Individual","","","","","","","","","","","0035j000012LUNAAA4","","","","","","","0","0","0","0","","","","","0","0","0","0","0","0","0","0","","","","","","","","","","","","","","","","","","","","","","","","","","","","","","","","","","","",""
"0015j000013AYFkAAO","0","","Ms.","Test","Account","","","","","0125j000001dEi6","000000000000000AAA","4532 West Marco Polo Road","Glendale","AZ","85308","United States","","","","4545 West Beardsley Road","Glendale","AZ","85308","United States","","","","345-765-7865","","","","","","","","","","","","","0055j000006yBs7AAE","2023-07-17 20:51:34","0055j000006yBs7AAE","2023-08-08 18:36:28","0055j000006yBs7AAE","2023-08-08 18:36:28","","0035j000012LWEeAAO","","","","","000000000000000AAA","","","0015j000013AYFkAAO1689627095374","Individual","","","","","","","","","","","0035j000012LWEeAAO","","","","","","","0","0","0","0","","","","","0","0","0","0","0","0","0","0","","","","","","","","","","","","","Completed - Valid","","","","","","","","","","","","","","","","","","","55","","Cleared","Issue","511"
"0015j000013AsbAAAS","0","","","test","test1","","","","","0125j000001dEi6","000000000000000AAA","","","","","","","","","","","","","","","","","","","","","","","","","","","","","","0055j000006yBs7AAE","2023-07-18 08:56:52","0055j000006yBs7AAE","2023-07-18 08:56:59","0055j000006yBs7AAE","2023-07-18 08:56:59","","0035j000012Lc5qAAC","","","","","000000000000000AAA","","","0015j000013AsbAAAS1689670612957","Individual","","","","","","","","","","","0035j000012Lc5qAAC","","","","","","","0","0","0","0","","","","","0","0","0","0","0","0","0","0","","","","","","","","","","","","","","","","","","","","","","","","","","","","","","","","57","","","",""
"0015j000013B5nDAAS","0","","","Test11","Test2342","","","","","0125j000001dEi6","000000000000000AAA","","","","","","","","","","","","","","","","","","","","","","","","","","","","","","0055j000006yBs7AAE","2023-07-18 13:49:57","0055j000006yBs7AAE","2023-07-18 13:50:04","0055j000006yBs7AAE","2023-07-18 13:50:04","","0035j000012LiuwAAC","","","","","000000000000000AAA","","","0015j000013B5nDAAS1689688197746","Individual","","","","","","","","","","","0035j000012LiuwAAC","","","","","","","0","0","0","0","","","","","0","0","0","0","0","0","0","0","","","","","","","","","","","","","","","","","","","","","","","","","","","","","","","","62","","","",""
"0015j000013wsGSAAY","0","","","","","","","10 State St (Sample)","","0125j000001dEi3","000000000000000AAA","","","","","","","","","","","","","","","","","","","","","","","","","","","","","","0055j000006yBs7AAE","2023-07-17 05:46:31","0055j000006yBs7AAE","2023-07-17 05:46:31","0055j000006yBs7AAE","2023-07-17 05:46:31","","000000000000000AAA","","","","","000000000000000AAA","","","","","","","","","","","","","","","","","","","","","","0","0","0","0","","","","","0","0","0","0","0","0","0","0","","","","","","","","","","","","","","","","","","","","","","","","","","","","","","","","","","","",""
"0015j000013wsGTAAY","0","","","","","","","ABC Bank(Sample)","","0125j000001dEi3","000000000000000AAA","","","","","","","","","","","","","","","","","","","","","","","","","","","","","","0055j000006yBs7AAE","2023-07-17 05:46:31","0055j000006yBs7AAE","2023-07-17 05:46:31","0055j000006yBs7AAE","2023-07-17 05:46:31","","000000000000000AAA","","","","","000000000000000AAA","","","","","","","","","","","","","","","","","","","","","","0","0","0","0","","","","","0","0","0","0","0","0","0","0","","","","","","","","","","","","","","","","","","","","","","","","","","","","","","","","","","","",""
"0015j000013wsGUAAY","0","","","","","","","ABC Lawyers(Sample)","","0125j000001dEi3","000000000000000AAA","","","","","","","","","","","","","","","","","","","","","","","","","","","","","","0055j000006yBs7AAE","2023-07-17 05:46:31","0055j000006yBs7AAE","2023-07-17 05:46:31","0055j000006yBs7AAE","2023-07-17 05:46:31","","000000000000000AAA","","","","","000000000000000AAA","","","","","","","","","","","","","","","","","","","","","","0","0","0","0","","","","","0","0","0","0","0","0","0","0","","","","","","","","","","","","","","","","","","","","","","","","","","","","","","","","","","","",""
"0015j000013wsGVAAY","0","","","","","","","ABC Private Equity(Sample)","","0125j000001dEi3","000000000000000AAA","","","","","","","","","","","","","","","","","","","","","","","","","","","","","","0055j000006yBs7AAE","2023-07-17 05:46:31","0055j000006yBs7AAE","2023-07-17 05:46:31","0055j000006yBs7AAE","2023-07-17 05:46:31","","000000000000000AAA","","","","","000000000000000AAA","","","","","","","","","","","","","","","","","","","","","","0","0","0","0","","","","","0","0","0","0","0","0","0","0","","","","","","","","","","","","","","","","","","","","","","","","","","","","","","","","","","","",""
"0015j000013wsGWAAY","0","","","","","","","Adams Charitable Trust","","0125j000001dEi4","000000000000000AAA","10 Romolo Place","San Francisco","CA","94133","United States","","","","Adams Avenue","Milpitas","CA","95035","United States","","","","5107174299","","","www.adamsct.co.nb","","Not For Profit","","1999","","","","","","0055j000006yBs7AAE","2023-07-17 05:46:31","0055j000006yBs7AAE","2023-07-17 14:25:04","0055j000006yBs7AAE","2023-07-17 14:25:04","","000000000000000AAA","","","","","000000000000000AAA","","","","","","","","","","","","","Rachel Adams is highly involved in the activities of this trust.","","","","","","","","","0","0","0","275000.0","7100.0","275000.0","7100.0","275000.0","0","0","0","0","0","0","0","0","","","","","","","","","","","","","","","","","","","","","1.0","1.0","7100.0","0","","0","","","","","","","","","",""
"0015j000013wsGXAAY","0","","","","","","","Adams Consulting LLC (Sample)","","0125j000001dEi3","000000000000000AAA","","","","","","","","","","","","","","","","","","","","","","","","","","","","","","0055j000006yBs7AAE","2023-07-17 05:46:31","0055j000006yBs7AAE","2023-07-17 05:46:31","0055j000006yBs7AAE","2023-07-17 05:46:31","","000000000000000AAA","","","","","000000000000000AAA","","","","","","","","","","","","","","","","","","","","","","0","0","0","0","","","","","0","0","0","0","0","0","0","0","","","","","","","","","","","","","","","","","","","","","","","","","","","","","","","","","","","",""
"0015j000013wsGYAAY","0","","","","","","","Adams Household","","0125j000001dEi5","000000000000000AAA","","","","","","","","","","","","","","","","","","","","","","","","","","","","","","0055j000006yBs7AAE","2023-07-17 05:46:31","0055j000006yBs7AAE","2023-08-09 23:12:38","0055j000006yBs7AAE","2023-08-09 23:12:38","2023-06-22 00:00:00","000000000000000AAA","","","","","000000000000000AAA","","","","Group","","","","","","","2024-06-30 00:00:00","","Adams Family is a highly valued, high net worth household.","","","","","","","","","0","400001.0","0","3030678.57","","3664915.21","","3641915.21","0","400020.0","0","510002.0","0","25000.0","0","1000000.0","","","","","","","","","","","","","","","","","","","","","","16.0","","54234.64","","70000.0","","","","","","","","","",""
"0015j000013wsGZAAY","0","","","","","","","Alpine Group (Sample)","","0125j000001dEi3","000000000000000AAA","","","","","","","","","","","","","","","","","","","","","","","","","","","","","","0055j000006yBs7AAE","2023-07-17 05:46:31","0055j000006yBs7AAE","2023-07-17 05:46:31","0055j000006yBs7AAE","2023-07-17 05:46:31","","000000000000000AAA","","","","","000000000000000AAA","","","","","","","","","","","","","","","","","","","","","","0","0","0","0","","","","","0","0","0","0","0","0","0","0","","","","","","","","","","","","","","","","","","","","","","","","","","","","","","","","","","","",""
"0015j000013wsGaAAI","0","","","","","","","Alpine Group (Sample)","","0125j000001dEi3","000000000000000AAA","","","","","","","","","","","","","","","","","","","","","","Food & Beverage","30000000","175000","","","","","","0055j000006yBs7AAE","2023-07-17 05:46:31","0055j000006yBs7AAE","2023-07-17 05:46:31","0055j000006yBs7AAE","2023-07-17 05:46:31","","000000000000000AAA","","","","","000000000000000AAA","","","","","","","","","","","","","","","","","","","","","","0","0","0","0","","","","","0","0","0","0","0","0","0","0","","","","","","","","","","","","","","","","","","","","","","","","","","","","","","","","","","","",""
"0015j000013wsGbAAI","0","","","","","","","Bob's Bakery (Sample)","","0125j000001dEi3","000000000000000AAA","","","","","","","","","","","","","","","","","","","","","","","","","","","","","","0055j000006yBs7AAE","2023-07-17 05:46:31","0055j000006yBs7AAE","2023-07-17 05:46:31","0055j000006yBs7AAE","2023-07-17 05:46:31","","000000000000000AAA","","","","","000000000000000AAA","","","","","","","","","","","","","","","","","","","","","","0","0","0","0","","","","","0","0","0","0","0","0","0","0","","","","","","","","","","","","","","","","","","","","","","","","","","","","","","","","","","","",""
"0015j000013wsGcAAI","0","","","","","","","bsom","Analyst","","000000000000000AAA","","","","","","","","","","","","","","","","","994-894-2319","","","","","","","","","","","","","0055j000008XUssAAG","2023-07-17 05:46:31","0055j000008XUssAAG","2023-07-17 05:46:31","0055j000008XUssAAG","2023-07-17 05:46:31","","000000000000000AAA","","","","","000000000000000AAA","","","","","","","","","","","","","","","","","","","","","","0","0","0","0","","","","","0","0","0","0","0","0","0","0","","","","","","","","","","","","","","","","","","","","","","","","","","","","","","","","","","","",""
"0015j000013wsGdAAI","0","","","","","","","Community Recreation (Sample)","","0125j000001dEi3","000000000000000AAA","","1 Market St","CA","94105","USA","","","","","","","","","","","","415-111-2222","","","","","","","","","","","","","0055j000006yBs7AAE","2023-07-17 05:46:31","0055j000006yBs7AAE","2023-07-17 05:46:31","0055j000006yBs7AAE","2023-07-17 05:46:31","","000000000000000AAA","","","","","000000000000000AAA","","","","","","","","","","","","","","","","","","","","","","0","0","0","0","","","","","0","0","0","0","0","0","0","0","","","","","","","","","","","","","","","","","","","","","","","","","","","","","","","","","","","",""
"0015j000013wsGeAAI","0","","","","","","","Cumulus Restaurants (Sample)","Other","0125j000001dEi3","000000000000000AAA","","","","","","","","","","","","","","","","","16283919393","","","www.cumulus-restaurants.com","","Food & Beverage","","","","CLU","","Hot","","0055j000006yBs7AAE","2023-07-17 05:46:31","0055j000006yBs7AAE","2023-07-17 05:46:31","0055j000006yBs7AAE","2023-07-17 05:46:31","","000000000000000AAA","","","","","000000000000000AAA","","","","","","","","","","","","","","","","","","","","","","0","0","0","0","","","","","0","0","0","0","0","0","0","0","","","","","","","","","","","","","","","","","","","","","","","","","","","","","","","","","","","",""
"0015j000013wsGfAAI","0","","","","","","","Jdoe","Analyst","","000000000000000AAA","","","","","","","","","","","","","","","","","464-890-7211","","","","","","","","","","","","","0055j000008XUssAAG","2023-07-17 05:46:31","0055j000008XUssAAG","2023-07-17 05:46:31","0055j000008XUssAAG","2023-07-17 05:46:31","","000000000000000AAA","","","","","000000000000000AAA","","","","","","","","","","","","","","","","","","","","","","0","0","0","0","","","","","0","0","0","0","0","0","0","0","","","","","","","","","","","","","","","","","","","","","","","","","","","","","","","","","","","",""
"0015j000013wsGgAAI","0","","","","","","","Mike's Pizza Parlor (Sample)","","0125j000001dEi3","000000000000000AAA","","","","","","","","","","","","","","","","","","","","","","","","","","","","","","0055j000006yBs7AAE","2023-07-17 05:46:31","0055j000006yBs7AAE","2023-07-17 05:46:31","0055j000006yBs7AAE","2023-07-17 05:46:31","","000000000000000AAA","","","","","000000000000000AAA","","","","","","","","","","","","","","","","","","","","","","0","0","0","0","","","","","0","0","0","0","0","0","0","0","","","","","","","","","","","","","","","","","","","","","","","","","","","","","","","","","","","",""
"0015j000013wsGhAAI","0","","Mr.","Aaron","Thompson (Sample)","","","","Partner","0125j000001dEi6","000000000000000AAA","1155 Market Street","San Francisco","CA","94103","United States","","","","","","","","","","","","(541) 754-3010","","","","","","","","","","","Hot","","0055j000006yBs7AAE","2023-07-17 05:46:31","0055j000006yBs7AAE","2023-07-17 05:46:31","0055j000006yBs7AAE","2023-07-17 05:46:31","","0035j000013DSq0AAG","","","","","000000000000000AAA","","","0013A00001d0PBnQAM1560449228540","Individual","","","","","","","","","","","0035j000013DSq0AAG","","","","","","","0.0","0.0","0.0","0.0","","","","","0.0","0.0","0.0","0.0","0.0","0.0","0.0","0.0","","","","","","","","","","","","","","","","","","","","","","","","","","","","","","","","","","","",""
"0015j000013wsGiAAI","0","","Mr.","Neil","Symonds","","","","","0125j000001dEi6","000000000000000AAA","10021 South Blaney Avenue","Cupertino","CA","95014","United States","","","","","","","","","","","","5105490092","","","","","","","","","","","Hot","","0055j000006yBs7AAE","2023-07-17 05:46:31","0055j000006yBs7AAE","2023-08-09 23:12:38","0055j000006yBs7AAE","2023-08-09 23:12:38","2023-07-10 00:00:00","0035j000013DSpyAAG","","","","","000000000000000AAA","Gold","Fixed Income;Energy;Technology","0014100000AlE7lAAF1480462398937","Individual","Moderately Inexperienced","Balanced;Growth","2023-07-06 00:00:00","","High Net Worth","500000.0","2023-07-09 00:00:00","","","Environment","0035j000013DSpyAAG","Quarterly","Conservative","Tier 2","","Prospect","Medium Term","0","324700.0","0","0","0","324700.0","0","324700.0","0","0","0","324700.0","0.0","0.0","0.0","0.0","","","","","","","","","","","","","","","","","","","","","0.0","1.0","0","0","11.75","0","","","","","","","","","",""
"0015j000013wsGjAAI","0","","Mr.","Nigel","Adams","","","","","0125j000001dEi6","000000000000000AAA","","","","","","","","","","","","","","","","","","","","","","","","","","","","","","0055j000006yBs7AAE","2023-07-17 05:46:31","0055j000006yBs7AAE","2023-07-17 14:24:48","0055j000006yBs7AAE","2023-07-17 14:24:48","","0035j000013DSpxAAG","","","","","000000000000000AAA","","","00141000007RvpBAAS1477432542883","Individual","","","","","","","","","","","0035j000013DSpxAAG","","","","","Prospect","","0","300000.0","0","0","12377.65","300000.0","12377.65","300000.0","0","0","0","300000.0","0","0","1000000.0","0","","","","","","","","","","","","","","","","","","","","","1.0","1.0","12377.65","0","","0","","","","","","","","","",""
"0015j000013wsGkAAI","0","","","Scott","Adams","","","","Customer","0125j000001dEi6","000000000000000AAA","","","","","","","","","","","","","","","","","","","","","","","","","","","","","","0055j000006yBs7AAE","2023-07-17 05:46:31","0055j000006yBs7AAE","2023-08-08 14:14:19","0055j000006yBs7AAE","2023-08-08 14:14:19","","0035j000013DSptAAG","","","","","000000000000000AAA","","","001B000001OfcNCIAZ1642611895243","Individual","","","","","","","","","","","0035j000013DSptAAG","","","","","","","0","0","0","0","0","0","0","0","0","0","0","0","0","0","0","0","","","","","","","","","","","","","","","","","","","","","0.0","0.0","0","0","","0","","","","","","","","","",""
"0015j000013wsGlAAI","0","","Mrs.","Rachel","Adams","","","","Customer","0125j000001dEi6","000000000000000AAA","1155 Market Street","San Francisco","CA","94103","United States","","","","552 Grant Avenue","San Francisco","CA","94108","United States","","","","(500) 145-0557","","","","","","","","","","","Hot","","0055j000006yBs7AAE","2023-07-17 05:46:31","0055j000006yBs7AAE","2023-08-09 23:12:38","0055j000006yBs7AAE","2023-08-09 23:12:38","2024-07-23 00:00:00","0035j000013DSpwAAG","","","","","000000000000000AAA","Platinum","Fixed Income;Technology;Retirement;College Planning","00141000007RvoNAAS1477432486737","Individual","Experienced","Income;Balanced;Growth","","2023-06-25 00:00:00","High Net Worth;Female Investor","3500000","2024-06-30 00:00:00","2023-07-26 00:00:00","Rachel is participating in a triathlon soon. She is a fitness enthusiast.","Cooking;Wine","0035j000013DSpwAAG","Monthly","Moderate","Tier 1","","Active","Long Term","0","100001.0","0","2755678.57","0","3089915.21","0","3066915.21","0","400020.0","0","210002.0","0","25000.0","0","1000000.0","","","","","","","","","","Mass Affluent;Long Term Growth","","2023-01-10 00:00:00","Completed - Valid","","","Mobile","","","","1996-12-05 00:00:00","0.0","14.0","0","54234.64","500.0","0","","","","","","3000","a1z5j000001KSIGAA4","","",""
"0015j000013wsGmAAI","0","","Mr.","Vivian","Torres","","","","","0125j000001dEi6","000000000000000AAA","","","","","","","","","","","","","","","","","","","","","","","","","","","","","","0055j000006yBs7AAE","2023-07-17 05:46:31","0055j000006yBs7AAE","2023-07-17 05:46:31","0055j000006yBs7AAE","2023-07-17 05:46:31","","0035j000013DSpuAAG","","","","","000000000000000AAA","","","001B000001OfcQkIAJ1642612261948","Individual","","","","","","","","","","","0035j000013DSpuAAG","","","","","","","0","0","0","0","","","","","0","0","0","0","0","0","0","0","","","","","","","","","","","","","","","","","","","","","","","","","","","","","","","","","","","",""
"0015j000013wsGnAAI","0","","Ms.","Alishia","Sergi ( Sample )","","","","","0125j000001dEi6","000000000000000AAA","","","","","","","","","","","","","","","","","(605) 414-2147","","","","","","","","","","","","","0055j000006yBs7AAE","2023-07-17 05:46:31","0055j000006yBs7AAE","2023-08-03 01:24:35","0055j000006yBs7AAE","2023-08-03 01:24:35","","0035j000013DSq1AAG","","","","","000000000000000AAA","","","0013k00002grCLRAA21582540439762","Individual","","","","","","","","","","","0035j000013DSq1AAG","","","","","","","0","0","0","2000000.0","0","1.0E+7","0","1.0E+7","0","0","0","8000000.0","0","0","0","0","","","","","","","","","","","","","","","","","","","","","0.0","6.0","0","0","","0","","","","","","","","","",""
"0015j000013wsGoAAI","0","","","","","","","nadp","Analyst","","000000000000000AAA","","","","","","","","","","","","","","","","","444-010-1982","","","","","","","","","","","","","0055j000008XUssAAG","2023-07-17 05:46:31","0055j000008XUssAAG","2023-07-17 05:46:31","0055j000008XUssAAG","2023-07-17 05:46:31","","000000000000000AAA","","","","","000000000000000AAA","","","","","","","","","","","","","","","","","","","","","","0","0","0","0","","","","","0","0","0","0","0","0","0","0","","","","","","","","","","","","","","","","","","","","","","","","","","","","","","","","","","","",""
"0015j000013wsGpAAI","0","","","","","","","Northern Trails Outfitter (Sample)","","0125j000001dEi3","000000000000000AAA","","","","","","","","","","","","","","","","","","","","","","","","","","","","","","0055j000006yBs7AAE","2023-07-17 05:46:31","0055j000006yBs7AAE","2023-07-17 05:46:31","0055j000006yBs7AAE","2023-07-17 05:46:31","","000000000000000AAA","","","","","000000000000000AAA","","","","","","","","","","","","","","","","","","","","","","0","0","0","0","","","","","0","0","0","0","0","0","0","0","","","","","","","","","","","","","","","","","","","","","","","","","","","","","","","","","","","",""
"0015j000013wsGqAAI","0","","","","","","","Ravi's Ravioli (Sample)","","0125j000001dEi3","000000000000000AAA","","","","","","","","","","","","","","","","","","","","","","","2000000","","","","","","","0055j000006yBs7AAE","2023-07-17 05:46:31","0055j000006yBs7AAE","2023-07-17 05:46:31","0055j000006yBs7AAE","2023-07-17 05:46:31","","000000000000000AAA","","","","","000000000000000AAA","","","","","","","","","","","","","","","","","","","","","","0","0","0","0","","","","","0","0","0","0","0","0","0","0","","","","","","","","","","","","","","","","","","","","","","","","","","","","","","","","","","","",""
"0015j000013wsGrAAI","0","","","","","","","Sample Account for Entitlements","","","000000000000000AAA","","","","","","","","","","","","","","","","","","","","","","","","","","","","","","0055j000008XUssAAG","2023-07-17 05:46:31","0055j000008XUssAAG","2023-07-17 05:46:31","0055j000008XUssAAG","2023-07-17 05:46:31","","000000000000000AAA","","","","","000000000000000AAA","","","","","","","","","","","","","","","","","","","","","","0","0","0","0","","","","","0","0","0","0","0","0","0","0","","","","","","","","","","","","","","","","","","","","","","","","","","","","","","","","","","","",""
"0015j000013wsGsAAI","0","","","","","","","Smith, Kohl and Company (Sample)","Other","0125j000001dEi3","000000000000000AAA","","","","","","","","","","","","","","","","","","","","","","Other","","35","","","","","","0055j000006yBs7AAE","2023-07-17 05:46:31","0055j000006yBs7AAE","2023-07-17 05:46:31","0055j000006yBs7AAE","2023-07-17 05:46:31","","000000000000000AAA","","","","","000000000000000AAA","","","","","","","","","","","","","","","","","","","","","","0","0","0","0","","","","","0","0","0","0","0","0","0","0","","","","","","","","","","","","","","","","","","","","","","","","","","","","","","","","","","","",""
"0015j000013wsGtAAI","0","","","","","","","Suzy's Slushies (Sample)","","0125j000001dEi3","000000000000000AAA","","","","","","","","","","","","","","","","","","","","","","","1500000","","","","","","","0055j000006yBs7AAE","2023-07-17 05:46:31","0055j000006yBs7AAE","2023-07-17 05:46:31","0055j000006yBs7AAE","2023-07-17 05:46:31","","000000000000000AAA","","","","","000000000000000AAA","","","","","","","","","","","","","","","","","","","","","","0","0","0","0","","","","","0","0","0","0","0","0","0","0","","","","","","","","","","","","","","","","","","","","","","","","","","","","","","","","","","","",""
"0015j000013wsGuAAI","0","","","","","","","Symonds Household (Sample)","","0125j000001dEi5","000000000000000AAA","","","","","","","","","","","","","","","","","","","","","","","","","","","","","","0055j000006yBs7AAE","2023-07-17 05:46:31","0055j000006yBs7AAE","2023-07-17 05:46:31","0055j000006yBs7AAE","2023-07-17 05:46:31","","000000000000000AAA","","","","","000000000000000AAA","","","","Group","","","2023-07-06 00:00:00","","","","2023-07-09 00:00:00","","Rachel's parents' household","","","","","","","","","0","324700.0","0","0","","324700.0","","324700.0","0","0","0","324700.0","0","0","0","0","","","","","","","","","","","","","","","","","","","","","","1.0","","","","","","","","","","","","","",""
"0015j000013wsGvAAI","0","","","","","","","Torres-Adams Household","","0125j000001dEi5","000000000000000AAA","","","","","","","","","","","","","","","","","","","","","","","","","","","","","","0055j000006yBs7AAE","2023-07-17 05:46:31","0055j000006yBs7AAE","2023-07-27 11:58:59","0055j000006yBs7AAE","2023-07-27 11:58:59","","000000000000000AAA","","","","","000000000000000AAA","","","","Group","","","","","","","","","","","","","","","","","","0","0","0","0","","0","","0","0","0","0","0","0","0","0","0","","","","","","","","","","","","","","","","","","","","","","0.0","","0","","0","","","","","","","","","",""
"0015j000014Cn63AAC","0","","Mrs.","Christopher","William","","","","","0125j000001dEi6","000000000000000AAA","","","","","","","","","","","","","","","","","","","","","","","","","","","","","","0055j000006yBs7AAE","2023-07-21 14:35:25","0055j000006yBs7AAE","2023-07-21 14:35:32","0055j000006yBs7AAE","2023-07-21 14:35:32","","0035j000012MNYrAAO","","","","","000000000000000AAA","","","0015j000014Cn63AAC1689950126335","Individual","","","","","","","","","","","0035j000012MNYrAAO","","","","","","","0","0","0","0","","","","","0","0","0","0","0","0","0","0","","","","","","","","","","","","","","","","","","","","","","","","","","","","","","","","64","","","",""
"0015j000014DRWbAAO","0","","Mrs.","Louis","Pearson","","","","","0125j000001dEi6","000000000000000AAA","","","","","","","","","","","","","","","","","","","","","","","","","","","","","","0055j000006yBs7AAE","2023-07-24 19:35:09","0055j000006yBs7AAE","2023-08-08 17:17:42","0055j000006yBs7AAE","2023-08-08 17:17:42","","0035j000012MvhnAAC","","","","","000000000000000AAA","","","0015j000014DRWbAAO1690227317880","Individual","","","","","","","","","","","0035j000012MvhnAAC","","","","","","","0","0","0","0","","","","","0","0","0","0","0","0","0","0","","","","","","","","","","","","","Required","","","","","","","","","","","","","","","","","","","65","","","",""
"0015j000014FXYmAAO","0","","","Ben","England","","","","","0125j000001dEi6","000000000000000AAA","crickalde","London","","NW2","United Kingdom","","","","","","","","","","","","","","","","","","","","","","","","","0055j000006yBs7AAE","2023-07-27 10:38:02","0055j000006yBs7AAE","2023-07-27 10:38:10","0055j000006yBs7AAE","2023-07-27 10:38:10","","0035j000012NTwVAAW","","","","","000000000000000AAA","","","0015j000014FXYmAAO1690454282979","Individual","","","","","","","","","","","0035j000012NTwVAAW","","","","","","","0","0","0","0","","","","","0","0","0","0","0","0","0","0","","","","","","","","","","","","","","","","","","","","","","","","","","","","","","","","68","","","",""
"0015j0000154VRoAAM","0","","Mr.","Test","Test5","","","","","0125j000001dEi6","000000000000000AAA","","","","","","","","","","","","","","","","","","","","","","","","","","","","","","0055j000006yBs7AAE","2023-08-03 22:40:59","0055j000006yBs7AAE","2023-08-08 19:31:35","0055j000006yBs7AAE","2023-08-08 19:31:35","","0035j0000178hNbAAI","","","","","000000000000000AAA","","","0015j0000154VRoAAM1691102460786","Individual","","","","","","","","","","","0035j0000178hNbAAI","","","","","","","0","0","0","0","","","","","0","0","0","0","0","0","0","0","","","","","","","","","","","","","Completed - Valid","","","","","","","","","","","","","","","","","","","82","","Cleared","Issue","805"
