"Id","OwnerId","IsDeleted","Name","CreatedDate","CreatedById","LastModifiedDate","LastModifiedById","SystemModstamp","Account__c","Envelope_Identifier__c","Document_URL__c","Recipient_Email__c","Email_Subject__c","Email_Message__c","Status__c"
"a1y5j0000007BOfAAM","0055j000006yBs7AAE","0","Test Dynamic Again","2023-07-28 09:51:17","0055j000006yBs7AAE","2023-07-28 10:00:09","0055j000006yBs7AAE","2023-07-28 10:00:09","0015j000013wsGlAAI","da2c2e94-e019-44cc-b513-f3f0c4dc1e5d","https://wma-documents.s3.eu-north-1.amazonaws.com/da2c2e94-e019-44cc-b513-f3f0c4dc1e5ddoc.pdf","findsauravkrchoudhury@gmail.com","Dynamic Test Again","Dynamic Test","Signed"
"a1y5j0000007BOuAAM","0055j000006yBs7AAE","0","test111","2023-07-28 11:53:27","0055j000006yBs7AAE","2023-07-28 12:05:49","0055j000006yBs7AAE","2023-07-28 12:05:49","0015j000013wsGlAAI","a98748b1-f23c-4a9f-ac02-dd598182fb7d","https://wma-documents.s3.eu-north-1.amazonaws.com/a98748b1-f23c-4a9f-ac02-dd598182fb7ddoc.pdf","findsauravkrchoudhury@gmail.com","test111","test111","Signed"
"a1y5j0000007D1ZAAU","0055j000006yBs7AAE","0","dynamic pdf test","2023-08-02 07:23:42","0055j000006yBs7AAE","2023-08-02 07:24:51","0055j000006yBs7AAE","2023-08-02 07:24:51","0015j000013wsGlAAI","5d80c55b-6161-4328-a455-88cdc6ea5548","https://wma-documents.s3.eu-north-1.amazonaws.com/5d80c55b-6161-4328-a455-88cdc6ea5548doc.pdf","findsauravkrchoudhury@gmail.com","dynamic pdf test-again","dynamic pdf test","Signed"
"a1y5j0000007D1eAAE","0055j000006yBs7AAE","0","HouseHold Portfolio","2023-08-02 09:27:00","0055j000006yBs7AAE","2023-08-02 09:27:00","0055j000006yBs7AAE","2023-08-02 09:27:00","0015j000013wsGYAAY","","","lalith.singh@njclabs.com","lalith.singh@njclabs.com","Test Portfolio","Initiate"
"a1y5j0000007D1jAAE","0055j000006yBs7AAE","0","Adams Portfolio","2023-08-02 09:30:52","0055j000006yBs7AAE","2023-08-02 09:38:53","0055j000006yBs7AAE","2023-08-02 09:38:53","0015j000013wsGjAAI","4417f5c8-7a07-44af-b95b-cd27529531c2","https://wma-documents.s3.eu-north-1.amazonaws.com/4417f5c8-7a07-44af-b95b-cd27529531c2doc.pdf","lalith.singh@njclabs.com","lalith.singh@njclabs.com","Portfolio Document","Signed"
"a1y5j0000007D1oAAE","0055j000006yBs7AAE","0","Test222","2023-08-02 11:34:54","0055j000006yBs7AAE","2023-08-02 11:36:25","0055j000006yBs7AAE","2023-08-02 11:36:25","0015j000013wsGjAAI","589ba11a-bc2a-4348-8f93-0b98f7f8d0e8","https://wma-documents.s3.eu-north-1.amazonaws.com/589ba11a-bc2a-4348-8f93-0b98f7f8d0e8doc.pdf","findsauravkrchoudhury@gmail.com","test222","test222","Signed"
"a1y5j0000007DV1AAM","0055j000006yBs7AAE","0","Test333","2023-08-03 10:26:26","0055j000006yBs7AAE","2023-08-03 10:27:33","0055j000006yBs7AAE","2023-08-03 10:27:33","0015j000013wsGlAAI","6f346344-2175-4d72-acf8-1fbe64bf78ec","https://wma-documents.s3.eu-north-1.amazonaws.com/6f346344-2175-4d72-acf8-1fbe64bf78ecdoc.pdf","findsauravkrchoudhury@gmail.com","Test333","Test333","Signed"
"a1y5j0000007DV2AAM","0055j000006yBs7AAE","0","Test444","2023-08-03 10:28:12","0055j000006yBs7AAE","2023-08-03 10:29:03","0055j000006yBs7AAE","2023-08-03 10:29:03","0015j000013wsGjAAI","081d423e-ea8c-466c-8d0e-902df008772f","https://wma-documents.s3.eu-north-1.amazonaws.com/081d423e-ea8c-466c-8d0e-902df008772fdoc.pdf","findsauravkrchoudhury@gmail.com","Test444","Test444","Signed"
"a1y5j0000007Ey8AAE","0055j000006yBs7AAE","0","test555","2023-08-07 07:02:46","0055j000006yBs7AAE","2023-08-07 07:03:55","0055j000006yBs7AAE","2023-08-07 07:03:55","0015j000013wsGlAAI","6af44e37-2d03-4bcc-a479-e7b16e34db49","https://wma-documents.s3.eu-north-1.amazonaws.com/6af44e37-2d03-4bcc-a479-e7b16e34db49doc.pdf","findsauravkrchoudhury@gmail.com","test555","Please sign","Signed"
"a1y5j000000tyOoAAI","0055j000006yBs7AAE","0","Testing Sig","2023-07-18 11:43:54","0055j000006yBs7AAE","2023-07-18 11:45:00","0055j000006yBs7AAE","2023-07-18 11:45:00","0015j000013wsGiAAI","b44b85e8-43e8-4f65-9361-0a4c40aff7be","https://wma-documents.s3.eu-north-1.amazonaws.com/b44b85e8-43e8-4f65-9361-0a4c40aff7bedoc.pdf","njclabswmtest@gmail.com","Test Sub","Test message","Signed"
"a1y5j000000tzSdAAI","0055j000006yBs7AAE","0","testing document","2023-07-20 04:41:25","0055j000006yBs7AAE","2023-07-20 04:46:01","0055j000006yBs7AAE","2023-07-20 04:46:01","0015j000013wsGiAAI","42f4778a-698d-4e0b-ae88-0548261da9a6","https://wma-documents.s3.eu-north-1.amazonaws.com/42f4778a-698d-4e0b-ae88-0548261da9a6doc.pdf","njclabswmtest@gmail.com","testing document","testing document","Signed"
"a1y5j000000u0kIAAQ","0055j000006yBs7AAE","0","Test Docusign","2023-07-25 08:24:10","0055j000006yBs7AAE","2023-07-25 08:25:29","0055j000006yBs7AAE","2023-07-25 08:25:29","0015j000013wsGiAAI","34e736c7-fc4a-4f41-8de4-cee3e07ea4ab","https://wma-documents.s3.eu-north-1.amazonaws.com/34e736c7-fc4a-4f41-8de4-cee3e07ea4abdoc.pdf","findsauravkrchoudhury@gmail.com","Testing","Testing","Signed"
"a1y5j000000u1W6AAI","0055j000006yBs7AAE","0","Test Docusign Final","2023-07-27 03:10:05","0055j000006yBs7AAE","2023-07-27 03:11:08","0055j000006yBs7AAE","2023-07-27 03:11:08","0015j000013wsGnAAI","83282541-94e2-4d55-aff5-582478c257d0","https://wma-documents.s3.eu-north-1.amazonaws.com/83282541-94e2-4d55-aff5-582478c257d0doc.pdf","findsauravkrchoudhury@gmail.com","Final Test","Final Test","Signed"
"a1y5j000000u1n3AAA","0055j000006yBs7AAE","0","Summary","2023-07-27 12:29:06","0055j000006yBs7AAE","2023-07-27 12:29:15","0055j000006yBs7AAE","2023-07-27 12:29:15","0015j000013wsGlAAI","930c11b4-b98f-49e8-80a8-6e759ebad334","","lalith.singh@njclabs.com","Summary","Summary","Review"
"a1y5j000000u1nIAAQ","0055j000006yBs7AAE","0","Summary Testing","2023-07-27 14:17:42","0055j000006yBs7AAE","2023-07-27 14:18:53","0055j000006yBs7AAE","2023-07-27 14:18:53","0015j000013wsGlAAI","de8d2948-20ce-4c01-be45-ffe4339a0629","https://wma-documents.s3.eu-north-1.amazonaws.com/de8d2948-20ce-4c01-be45-ffe4339a0629doc.pdf","findsauravkrchoudhury@gmail.com","Testing Testing","Test","Signed"
