"Id","IsDeleted","MasterRecordId","Salutation","FirstName","LastName","MiddleName","Suffix","RecordTypeId","Title","Company","Street","City","State","PostalCode","Country","Latitude","Longitude","GeocodeAccuracy","Phone","MobilePhone","Fax","Email","Website","Description","LeadSource","Status","Industry","Rating","AnnualRevenue","NumberOfEmployees","OwnerId","HasOptedOutOfEmail","IsConverted","ConvertedDate","ConvertedAccountId","ConvertedContactId","ConvertedOpportunityId","IsUnreadByOwner","CreatedDate","CreatedById","LastModifiedDate","LastModifiedById","SystemModstamp","LastActivityDate","DoNotCall","HasOptedOutOfFax","LastTransferDate","Jigsaw","JigsawContactId","EmailBouncedReason","EmailBouncedDate","IndividualId","Pronouns","GenderIdentity","FinServ__CreatedFromLead__c","FinServ__Employer__c","FinServ__ExpressedInterest__c","FinServ__Household__c","FinServ__PotentialValue__c","FinServ__ReferredByContact__c","FinServ__ReferredByUser__c","FinServ__RelatedAccount__c","et4ae5__HasOptedOutOfMobile__c","et4ae5__Mobile_Country_Code__c","Partner__c","KYC__c","ID_Check__c","Address_Check__c","Credit_Score__c"
"00Q5j00000Nla54EAB","0","","Mr.","Ian","Mckenzie","","","0125j000001dEhz","","","","London","","NW2","United Kingdom","","","","","","","","","","","New","","","","","0055j000006yBs7AAE","0","0","","000000000000000AAA","000000000000000AAA","000000000000000AAA","0","2023-07-17 10:19:17","0055j000006yBs7AAE","2023-07-17 19:26:31","0055j000006yBs7AAE","2023-07-17 19:26:31","","0","0","2023-07-17 10:19:17","","","","","000000000000000AAA","","","1","","","","","0035j000012LS7nAAG","","","0","US","a1z5j000001KSIGAA4","Cleared","Cleared","Cleared","609"
"00Q5j00000NleP2EAJ","0","","Ms.","Hillary","Pearson","","","0125j000001dEhy","","","5673 N 61st Dr","Scottsdale","Arizona","85254","US","","","","6029007680","","345-789-3423","hillary@pearson.com","","","Other","New","","","","","0055j000006yBs7AAE","0","0","","000000000000000AAA","000000000000000AAA","000000000000000AAA","0","2023-07-17 14:04:02","0055j000006yBs7AAE","2023-07-24 19:36:15","0055j000006yBs7AAE","2023-07-24 19:36:15","","0","0","2023-07-17 14:04:02","","","","","000000000000000AAA","","","1","","","","","","","","0","US","","Cleared","Cleared","Issue","500"
"00Q5j00000Nlf61EAB","0","","Mr.","Test1","Test1","","","0125j000001dEhz","","","","","","","","","","","","","","lalith.singh@njclabs.com","","","","New","","","","","0055j000006yBs7AAE","0","0","","000000000000000AAA","000000000000000AAA","000000000000000AAA","0","2023-07-17 14:43:17","0055j000006yBs7AAE","2023-07-17 19:11:02","0055j000006yBs7AAE","2023-07-17 19:11:02","","0","0","2023-07-17 14:43:17","","","","","000000000000000AAA","","","1","","","","","0035j000012LS7nAAG","","","0","US","a1z5j000001KSIDAA4","Cleared","Cleared","Issue","534"
"00Q5j00000NlvjPEAR","0","","Mr.","Test2","test3","","","0125j000001dEhz","","","","Swindon","","SWI","United Kingdom","","","","","","","","","","","New","","","","","0055j000006yBs7AAE","0","0","","000000000000000AAA","000000000000000AAA","000000000000000AAA","0","2023-07-18 11:14:59","0055j000006yBs7AAE","2023-07-18 11:15:18","0055j000006yBs7AAE","2023-07-18 11:15:18","","0","0","2023-07-18 11:14:59","","","","","000000000000000AAA","","","1","","","","","0035j000012LS7nAAG","","","0","US","a1z5j000001KSIDAA4","Cleared","Cleared","Issue","500"
"00Q5j00000NlyC5EAJ","0","","","Gary","Smith","","","0125j000001dEhz","","","","London","","","United Kingdom","","","","","","","","","","","New","","","","","0055j000006yBs7AAE","0","0","","000000000000000AAA","000000000000000AAA","000000000000000AAA","0","2023-07-18 11:17:15","0055j000006yBs7AAE","2023-07-18 11:17:24","0055j000006yBs7AAE","2023-07-18 11:17:24","","0","0","2023-07-18 11:17:15","","","","","000000000000000AAA","","","1","","","","","0035j000012LS7nAAG","","","0","US","a1z5j000001KSIDAA4","Cleared","Cleared","Cleared","706"
"00Q5j00000Nm0TTEAZ","0","","","TLead","Tlead","","","0125j000001dEhz","","","","London","","","United Kingdom","","","","","","","","","","","New","","","","","0055j000006yBs7AAE","0","0","","000000000000000AAA","000000000000000AAA","000000000000000AAA","0","2023-07-18 13:43:19","0055j000006yBs7AAE","2023-07-18 13:43:29","0055j000006yBs7AAE","2023-07-18 13:43:29","","0","0","2023-07-18 13:43:19","","","","","000000000000000AAA","","","1","","","","","0035j000012LS7nAAG","","","0","US","a1z5j000001KSIDAA4","Cleared","Cleared","Cleared","761"
"00Q5j00000Nm0U7EAJ","0","","","Test11","test222","","","0125j000001dEhz","","","","Swindon","","","United Kingdom","","","","","","","","","","","New","","","","","0055j000006yBs7AAE","0","0","","000000000000000AAA","000000000000000AAA","000000000000000AAA","0","2023-07-18 13:44:39","0055j000006yBs7AAE","2023-07-18 13:44:50","0055j000006yBs7AAE","2023-07-18 13:44:50","","0","0","2023-07-18 13:44:39","","","","","000000000000000AAA","","","1","","","","","0035j000012LS7nAAG","","","0","US","a1z5j000001KSIDAA4","Cleared","Cleared","Issue","500"
"00Q5j00000OD2B7EAL","0","","","John","Steele (Sample)","","","0125j000001dEhx","Manager","","11 Farm Avenue","Hartford","Connecticut","6156","United States","","","","(555) 555-1212","(555) 555-1212","","info@salesforce.com","www.biglifeinc.com","","Trade Show","Working","Insurance","Hot","","2800","0055j000006yBs7AAE","0","0","","000000000000000AAA","000000000000000AAA","000000000000000AAA","0","2023-07-17 05:46:31","0055j000006yBs7AAE","2023-07-17 05:46:31","0055j000006yBs7AAE","2023-07-17 05:53:11","2024-05-02 00:00:00","0","0","2023-07-17 05:53:11","","","","","000000000000000AAA","","","","","","","","","","","","","","","","",""
"00Q5j00000OD2B8EAL","0","","","Sarah","Loehr (Sample)","","","0125j000001dEhx","System Administrator","","One Jones Avenue","New York","New York","10010","United States","","","","(555) 555-1212","(555) 555-1212","","info@salesforce.com","","","Employee Referral","Nurturing","Insurance","Cold","","8500","0055j000006yBs7AAE","0","0","","000000000000000AAA","000000000000000AAA","000000000000000AAA","0","2023-07-17 05:46:31","0055j000006yBs7AAE","2023-07-17 05:46:31","0055j000006yBs7AAE","2023-07-17 05:53:11","","0","0","2023-07-17 05:53:11","","","","","000000000000000AAA","","","","","","","","","","","","","","","","",""
"00Q5j00000OD2B9EAL","0","","Mr.","Andy","Smith (Sample)","","","","Vice President","Universal Technologies","1 Universal Building","Hartford","Connecticut","06103","United States","","","","(555) 555-1212","(555) 555-1212","","info@salesforce.com","www.universaltech.com","","Advertisement","Qualified","Technology","Warm","","550","0055j000006yBs7AAE","0","1","2023-08-20 00:00:00","000000000000000AAA","000000000000000AAA","000000000000000AAA","0","2023-07-17 05:46:31","0055j000006yBs7AAE","2023-07-17 05:46:31","0055j000006yBs7AAE","2023-07-17 05:53:11","","0","0","2023-07-17 05:53:11","","","","","000000000000000AAA","","","0","","","","","","","","","","","","","",""
"00Q5j00000OD2BAEA1","0","","Mr.","David","Adelson (Sample)","","","0125j000001dEhx","Director, Information Technology","","120 Sutter Street","San Francisco","California","94105","United States","","","","(415) 555-2356","(415) 555-9865","","info@salesforce.com","","","Other","Working","Communications","Warm","","365","0055j000006yBs7AAE","0","0","","000000000000000AAA","000000000000000AAA","000000000000000AAA","0","2023-07-17 05:46:31","0055j000006yBs7AAE","2023-07-17 05:46:31","0055j000006yBs7AAE","2023-07-17 05:53:11","2023-07-29 00:00:00","0","0","2023-07-17 05:53:11","","","","","000000000000000AAA","","","","","","","","","","","","","","","","",""
"00Q5j00000OD2BBEA1","0","","Mr.","Neil","Symonds","","","0125j000001dEhx","","Neil Symonds","10021 South Blaney Avenue","Cupertino","CA","95014","United States","","","","5105490092","5105490091","","neil.symonds@symonds.com","","","","Qualified","","Hot","","","0055j000006yBs7AAE","0","1","2023-08-20 00:00:00","0015j000013wsGiAAI","0035j000013DSpyAAG","0065j00001IYQydAAH","0","2023-07-17 05:46:31","0055j000006yBs7AAE","2023-07-17 05:46:31","0055j000006yBs7AAE","2023-07-17 05:53:11","","0","0","2023-07-17 05:53:11","","","","","000000000000000AAA","","","1","Symonds Inc.","","","","","","","","","","","","",""
"00Q5j00000OD2BCEA1","0","","Mr.","Abraham","Johnson","","","0125j000001dEhy","CEO","Johnsons & Johnsons Inc.","121 Fillmore Street","San Francisco","CA","94117","United States","","","","4203910121","","","abra@johnsons.com","","","Other","Qualified","Apparel","","","","0055j000006yBs7AAE","0","1","2023-08-20 00:00:00","000000000000000AAA","000000000000000AAA","000000000000000AAA","0","2023-07-17 05:46:31","0055j000006yBs7AAE","2023-07-17 05:46:31","0055j000006yBs7AAE","2023-07-17 05:53:11","","0","0","2023-07-17 05:53:11","","","","","000000000000000AAA","","","1","","","","","","","","","","","","","",""
"00Q5j00000OD2BDEA1","0","","Ms.","Manisha","Jha (Sample)","","","0125j000001dEhz","Chief Marketing Officer","","1700 Van Nuss Avenue","San Francisco","CA","94109","United States","","","","75067827235","","","manishajha@acme.com","","Manisha is in the process of purchasing a vacation home in Tahoe. She has a 20-year old professional relationship with Rachel.","Other","Working - Contacted","","Hot","","","0055j000006yBs7AAE","0","0","","000000000000000AAA","000000000000000AAA","000000000000000AAA","0","2023-07-17 05:46:31","0055j000006yBs7AAE","2023-07-17 12:07:05","0055j000006yGwaAAE","2023-07-17 12:07:05","","0","0","2023-07-17 05:53:11","","","","","000000000000000AAA","","","1","Acme (Sample)","Mortgage","0015j000013wsGYAAY","1705000","0035j000013DSpwAAG","","","0","","","Initiated","","",""
"00Q5j00000OD2BEEA1","0","","Mrs.","Rachel","Adams (Sample)","","","0125j000001dEhz","","","1155 Market Street","San Francisco","CA","94103","United States","","","","(500) 145-0557","","","rachel@acmecorp.com","","","","Nurturing - Contacted","","Hot","","","0055j000006yBs7AAE","0","0","","000000000000000AAA","000000000000000AAA","000000000000000AAA","0","2023-07-17 05:46:31","0055j000006yBs7AAE","2023-07-17 05:46:31","0055j000006yBs7AAE","2023-07-17 05:53:11","","0","0","2023-07-17 05:53:11","","","","","000000000000000AAA","","","1","","Credit Card","","10000","","0055j000006yBs7AAE","0015j000013wsGlAAI","","","","","","",""
"00Q5j00000OD2BFEA1","0","","Mr.","Adam","Richman (Sample)","","","0125j000001dEhz","","","1155 Market Street","San Francisco","CA","94103","United States","","","","(500) 145-0375","","","adamr@mikcorp.com","","","","Qualified","","Hot","","","0055j000006yBs7AAE","0","1","2024-08-11 00:00:00","0015j000013wsGhAAI","0035j000013DSq0AAG","0065j00001IYQyhAAH","0","2023-07-17 05:46:31","0055j000006yBs7AAE","2023-07-17 05:46:31","0055j000006yBs7AAE","2023-07-17 05:53:11","","0","0","2023-07-17 05:53:11","","","","","000000000000000AAA","","","1","","Credit Card","","100000.0","","0055j000006yBs7AAE","0015j000013wsGhAAI","","","","","","",""
"00Q5j00000OD2BGEA1","0","","Mrs.","Amy","Applegate (Sample)","","","0125j000001dEhz","","Sports Zone LLC (Sample)","","","","","","","","","","","","","","","","Working - Contacted","","","","","0055j000006yBs7AAE","0","0","","000000000000000AAA","000000000000000AAA","000000000000000AAA","0","2023-07-17 05:46:31","0055j000006yBs7AAE","2023-07-17 05:46:31","0055j000006yBs7AAE","2023-07-17 05:53:11","","0","0","2023-07-17 05:53:11","","","","","000000000000000AAA","","","1","","Mortgage","","","","0055j000006yBs7AAE","","","","","","","",""
"00Q5j00000OD2BHEA1","0","","Ms.","Bertha","Boxer","","","0125j000001dEhz","","Farmers Coop of Florida","","","","","","","","","","","","","","","","New","","","","","0055j000006yBs7AAE","0","0","","000000000000000AAA","000000000000000AAA","000000000000000AAA","0","2023-07-17 05:46:31","0055j000006yBs7AAE","2023-07-17 05:46:31","0055j000006yBs7AAE","2023-07-17 05:53:11","","0","0","2023-07-17 05:53:11","","","","","000000000000000AAA","","","1","","Mortgage","","","","0055j000006yBs7AAE","","","","","","","",""
"00Q5j00000OQPY7EAP","0","","Mr.","Ben","England","","","0125j000001dEhz","","","1 cricklade","London","","NW2","United Kingdom","","","","","","","","","","Other","New","","","","","0055j000006yBs7AAE","0","0","","000000000000000AAA","000000000000000AAA","000000000000000AAA","0","2023-07-27 10:34:13","0055j000006yBs7AAE","2023-07-27 10:34:25","0055j000006yBs7AAE","2023-07-27 10:34:25","","0","0","2023-07-27 10:34:13","","","","","000000000000000AAA","","","1","","","","","0035j000012LS7nAAG","","","0","US","a1z5j000001KSIDAA4","Cleared","Cleared","Cleared","500"
"00Q5j00000PLNXxEAP","0","","Mr.","James","Smith","","","0125j000001dEhz","","","cricklade","London","","NW2","United Kingdom","","","","","","","","","","","New","","","","","0055j000006yBs7AAE","0","0","","000000000000000AAA","000000000000000AAA","000000000000000AAA","0","2023-08-07 14:44:00","0055j000006yBs7AAE","2023-08-07 14:44:12","0055j000006yBs7AAE","2023-08-07 14:44:12","","0","0","2023-08-07 14:44:00","","","","","000000000000000AAA","","","1","","","","","0035j000012LS7nAAG","","","0","US","a1z5j000001KSIGAA4","Cleared","Cleared","Cleared","695"
