"Id","OwnerId","IsDeleted","Name","CreatedDate","CreatedById","LastModifiedDate","LastModifiedById","SystemModstamp","Partner_Code__c","Partner_Type__c","Sort_Code__c","Parent_Partner__c","Account_Number__c","Partner_Bank_Account_Name__c","Partner_Bank_Account_Number__c","Street__c","City__c","Country__c","Postal_Code__c","Phone_Number__c"
"a1z5j000001KSIBAA4","0055j000006yBs7AAE","0","Clear Water Management","2023-07-17 09:13:49","0055j000006yBs7AAE","2023-07-21 11:38:06","0055j000006yBs7AAE","2023-07-21 11:38:06","9X101","Firm","11023","","","NatWest","GB00DF60161331926819","31 New Dover Rd","Wallingford","United Kingdom","OX10 9NR","0987654321"
"a1z5j000001KSICAA4","0055j000006yBs7AAE","0","Allard Management","2023-07-17 09:14:13","0055j000006yBs7AAE","2023-07-21 11:31:38","0055j000006yBs7AAE","2023-07-21 11:31:38","9X100","Firm","10021","","","HSBC","HSBC100123456","98 Great North Road","Anaheilt","UK","PH36 9XD","078 0306 2579"
"a1z5j000001KSIDAA4","0055j000006yBs7AAE","0","Steve Lamb","2023-07-17 09:16:00","0055j000006yBs7AAE","2023-07-21 11:37:15","0055j000006yBs7AAE","2023-07-21 11:37:15","AX101","Individual","10024","a1z5j000001KSICAA4","","HSBC","HSBCD6016133192600","79 Newport Road","Carnyorth","United Kingdom","TR19 9LR","7856341234"
"a1z5j000001KSIGAA4","0055j000006yBs7AAE","0","Jack Smith","2023-07-17 09:14:47","0055j000006yBs7AAE","2023-07-21 11:14:59","0055j000006yBs7AAE","2023-07-21 11:14:59","AX100","Individual","11234","a1z5j000001KSIBAA4","123123","Lloyds Bank","GB45LOYD60161331926819","49 Featherstone Street","London","UK","EC1Y 8SY","2234564567"
