"Id","Name","ModuleNamespace","Description","BusinessProcessId","SobjectType","IsActive","CreatedById","CreatedDate","LastModifiedById","LastModifiedDate","SystemModstamp","IsDeleted"
"0125j000000RapUAAS","Advisor","","","","Account","1","0055j000006yBs7AAE","2023-07-17 08:45:47","0055j000006yBs7AAE","2023-08-08 15:25:37","2023-08-08 15:25:37","0"
"0125j000001dEhwAAE","Business","","Contact data for an institution or a business account","","Contact","1","0055j000006yBs7AAE","2023-07-17 05:46:31","0055j000006yBs7AAE","2023-07-17 05:46:31","2023-07-17 05:46:31","0"
"0125j000001dEhxAAE","Retirement Planning","","","0195j0000004ssfAAA","Lead","1","0055j000006yBs7AAE","2023-07-17 05:46:31","0055j000006yBs7AAE","2023-07-17 09:25:22","2023-07-17 09:25:22","0"
"0125j000001dEhyAAE","General","","","0195j0000004ssfAAA","Lead","1","0055j000006yBs7AAE","2023-07-17 05:46:31","0055j000006yBs7AAE","2023-07-17 09:25:22","2023-07-17 09:25:22","0"
"0125j000001dEhzAAE","Person Referral","","A person, business, or organization that is a referral","0195j0000004ssfAAA","Lead","1","0055j000008XUsuAAG","2023-07-17 05:46:31","0055j000006yBs7AAE","2023-07-17 09:25:22","2023-07-17 09:25:22","0"
"0125j000001dEi0AAE","Opportunity (Wallet Share)","","","0195j0000004sseAAA","Opportunity","1","0055j000006yBs7AAE","2023-07-17 05:46:31","0055j000006yBs7AAE","2023-07-17 05:46:31","2023-07-17 05:46:31","0"
"0125j000001dEi1AAE","General","","","0195j0000004ssdAAA","Opportunity","1","0055j000006yBs7AAE","2023-07-17 05:46:31","0055j000006yBs7AAE","2023-07-17 05:46:31","2023-07-17 05:46:31","0"
"0125j000001dEi2AAE","Retirement Planning","","","0195j0000004sseAAA","Opportunity","1","0055j000006yBs7AAE","2023-07-17 05:46:31","0055j000006yBs7AAE","2023-07-17 05:46:31","2023-07-17 05:46:31","0"
"0125j000001dEi3AAE","Business","","A business or an organization","","Account","1","0055j000006yBs7AAE","2023-07-17 05:46:31","0055j000006yBs7AAE","2023-08-08 15:25:38","2023-08-08 15:25:38","0"
"0125j000001dEi4AAE","Institution","","An institution that is a prospect or a client","","Account","1","0055j000006yBs7AAE","2023-07-17 05:46:31","0055j000006yBs7AAE","2023-08-08 15:25:37","2023-08-08 15:25:37","0"
"0125j000001dEi5AAE","Household","","A grouping of related people and institutions","","Account","1","0055j000006yBs7AAE","2023-07-17 05:46:31","0055j000006yBs7AAE","2023-08-08 15:25:37","2023-08-08 15:25:37","0"
"0125j000001dEi6AAE","Person Account","","","","PersonAccount","1","0055j000006yBs7AAE","2023-07-17 05:46:31","0055j000006yBs7AAE","2023-08-08 15:25:37","2023-08-08 15:25:37","0"
"0125j000001dEi7AAE","Individual","","A person who is a prospect or a client","","Account","1","0055j000006yBs7AAE","2023-07-17 05:46:31","0055j000006yBs7AAE","2023-08-08 15:25:37","2023-08-08 15:25:37","0"
"0125j000001dEi8AAE","Credit","","Credit Billing Statement","","01I5j000001t6L6","1","0055j000008XUsuAAG","2023-07-17 05:46:31","0055j000008XUsuAAG","2023-07-17 05:46:31","2023-07-17 05:46:31","0"
"0125j000001dEi9AAE","Debit","","Debit Billing Statement","","01I5j000001t6L6","1","0055j000008XUsuAAG","2023-07-17 05:46:31","0055j000008XUsuAAG","2023-07-17 05:46:31","2023-07-17 05:46:31","0"
"0125j000001dEiAAAU","Credit","","Fees and rates for a line of credit","","01I5j000001t6L7","1","0055j000008XUsuAAG","2023-07-17 05:46:31","0055j000008XUsuAAG","2023-07-17 05:46:31","2023-07-17 05:46:31","0"
"0125j000001dEiBAAU","Debit","","Fees and rates for a deposit account","","01I5j000001t6L7","1","0055j000008XUsuAAG","2023-07-17 05:46:31","0055j000008XUsuAAG","2023-07-17 05:46:31","2023-07-17 05:46:31","0"
"0125j000001dEiCAAU","Send Definition","","","","01I5j000001t6Kq","1","0055j000006yBs7AAE","2023-07-17 05:46:31","0055j000006yBs7AAE","2023-07-17 05:46:31","2023-07-17 05:46:31","0"
"0125j000001dEiDAAU","Trackable Send Definition","","","","01I5j000001t6Kq","1","0055j000006yBs7AAE","2023-07-17 05:46:31","0055j000006yBs7AAE","2023-07-17 05:46:31","2023-07-17 05:46:31","0"
"0125j000001dEiEAAU","SMS Definition","","","","01I5j000001t6Ks","1","0055j000006yBs7AAE","2023-07-17 05:46:31","0055j000006yBs7AAE","2023-07-17 05:46:31","2023-07-17 05:46:31","0"
"0125j000001dEiFAAU","Queued Send Definition","","","","01I5j000001t6Kq","1","0055j000006yBs7AAE","2023-07-17 05:46:31","0055j000006yBs7AAE","2023-07-17 05:46:31","2023-07-17 05:46:31","0"
"0125j000001dEiGAAU","Inactive","","","","01I5j000001t6Kt","1","0055j000006yBs7AAE","2023-07-17 05:46:31","0055j000006yBs7AAE","2023-07-17 05:46:31","2023-07-17 05:46:31","0"
"0125j000001dEiHAAU","Queued SMS Definition","","","","01I5j000001t6Ks","1","0055j000006yBs7AAE","2023-07-17 05:46:31","0055j000006yBs7AAE","2023-07-17 05:46:31","2023-07-17 05:46:31","0"
"0125j000001dEiIAAU","Active","","","","01I5j000001t6Kt","1","0055j000006yBs7AAE","2023-07-17 05:46:31","0055j000006yBs7AAE","2023-07-17 05:46:31","2023-07-17 05:46:31","0"
"0125j000001dEiJAAU","Liability","","Debt owed, such as a mortgage","","01I5j000001t6Kp","1","0055j000006yBs7AAE","2023-07-17 05:46:31","0055j000006yBs7AAE","2023-07-17 05:46:31","2023-07-17 05:46:31","0"
"0125j000001dEiKAAU","Asset","","Asset not represented in financial accounts, such as real estate or collectibles","","01I5j000001t6Kp","1","0055j000006yBs7AAE","2023-07-17 05:46:31","0055j000006yBs7AAE","2023-07-17 05:46:31","2023-07-17 05:46:31","0"
"0125j000001dEiLAAU","Individual","","Contact data for a retail client","","Contact","1","0055j000006yBs7AAE","2023-07-17 05:46:31","0055j000006yBs7AAE","2023-07-17 05:46:31","2023-07-17 05:46:31","0"
"0125j000001dEiMAAU","Advisor Event","","Default event record type for Advisor profile","","Event","1","0055j000006yBs7AAE","2023-07-17 05:46:31","0055j000006yBs7AAE","2023-07-17 05:46:31","2023-07-17 05:46:31","0"
"0125j000001dEiNAAU","General Account","","General financial accounts","","01I5j000001t6Kh","1","0055j000006yBs7AAE","2023-07-17 05:46:31","0055j000006yBs7AAE","2023-07-17 11:32:25","2023-07-17 11:32:25","0"
"0125j000001dEiOAAU","Insurance Policy","","Insurance policies","","01I5j000001t6Kh","1","0055j000006yBs7AAE","2023-07-17 05:46:31","0055j000006yBs7AAE","2023-07-17 11:32:25","2023-07-17 11:32:25","0"
"0125j000001dEiPAAU","Investment Account","","Investment accounts such as brokerage accounts","","01I5j000001t6Kh","1","0055j000006yBs7AAE","2023-07-17 05:46:31","0055j000006yBs7AAE","2023-07-17 11:32:25","2023-07-17 11:32:25","0"
"0125j000001dEiQAAU","Client Associate Event","","Default event record type for Client Associate profile","","Event","1","0055j000006yBs7AAE","2023-07-17 05:46:31","0055j000006yBs7AAE","2023-07-17 05:46:31","2023-07-17 05:46:31","0"
"0125j000001dEiRAAU","Account Role","","Role occupied by an organizational entity, such as a corporation or LLC","","01I5j000001t6M9","1","0055j000006yBs7AAE","2023-07-17 05:46:31","0055j000006yBs7AAE","2023-07-17 05:46:31","2023-07-17 05:46:31","0"
"0125j000001dEiSAAU","Contact Role","","Role occupied by a person","","01I5j000001t6M9","1","0055j000006yBs7AAE","2023-07-17 05:46:31","0055j000006yBs7AAE","2023-07-17 05:46:31","2023-07-17 05:46:31","0"
"0125j000001dEiTAAU","Bank Account","","Bank accounts such as savings, checking, and credit","","01I5j000001t6Kh","1","0055j000006yBs7AAE","2023-07-17 05:46:31","0055j000006yBs7AAE","2023-07-17 11:32:25","2023-07-17 11:32:25","0"
"0125j000001dEiUAAU","Account Role","","Roles associated with Account-Account Relationships","","01I5j000001t6L2","1","0055j000006yBs7AAE","2023-07-17 05:46:31","0055j000006yBs7AAE","2023-07-17 05:46:31","2023-07-17 05:46:31","0"
"0125j000001dEiVAAU","Contact Role","","Roles associated with Contact-Contact Relationships","","01I5j000001t6L2","1","0055j000006yBs7AAE","2023-07-17 05:46:31","0055j000006yBs7AAE","2023-07-17 05:46:31","2023-07-17 05:46:31","0"
"0125j000001dEiWAAU","Advisor Task","","Default task record type for Advisor profile","","Task","1","0055j000006yBs7AAE","2023-07-17 05:46:31","0055j000006yBs7AAE","2023-07-17 05:46:31","2023-07-17 05:46:31","0"
"0125j000001dEiXAAU","Client Associate Task","","Default task record type for Client Associate profile","","Task","1","0055j000006yBs7AAE","2023-07-17 05:46:31","0055j000006yBs7AAE","2023-07-17 05:46:31","2023-07-17 05:46:31","0"
"0125j000001dEiYAAU","HELOC","","Represents a line of credit secured by equity in real property.","","01I5j000001t6Kh","1","0055j000008XUsuAAG","2023-07-17 05:46:31","0055j000006yBs7AAE","2023-07-17 11:32:25","2023-07-17 11:32:25","0"
"0125j000001dEiZAAU","Loan Account","","Represents a type of account for financing a purchase.","","01I5j000001t6Kh","1","0055j000008XUsuAAG","2023-07-17 05:46:31","0055j000006yBs7AAE","2023-07-17 11:32:25","2023-07-17 11:32:25","0"
"0125j000001dEiaAAE","Mortgage","","Represents a type of loan for financing a purchase of real property.","","01I5j000001t6Kh","1","0055j000008XUsuAAG","2023-07-17 05:46:31","0055j000006yBs7AAE","2023-07-17 11:32:25","2023-07-17 11:32:25","0"
"0125j000001dEibAAE","Credit Card","","Represents a type of payment card issued with a line of credit","","01I5j000001t6Kh","1","0055j000008XUsuAAG","2023-07-17 05:46:31","0055j000006yBs7AAE","2023-07-17 11:32:25","2023-07-17 11:32:25","0"
"0125j000001dEicAAE","Savings Account","","Represents an interest-bearing deposit account","","01I5j000001t6Kh","1","0055j000008XUsuAAG","2023-07-17 05:46:31","0055j000006yBs7AAE","2023-07-17 11:32:25","2023-07-17 11:32:25","0"
"0125j000001dEidAAE","Auto Loan","","Represents a type of loan for financing a purchase of a motor vehicle.","","01I5j000001t6Kh","1","0055j000008XUsuAAG","2023-07-17 05:46:31","0055j000006yBs7AAE","2023-07-17 11:32:25","2023-07-17 11:32:25","0"
"0125j000001dEieAAE","Checking Account","","Represents a deposit account for withdrawals and deposits","","01I5j000001t6Kh","1","0055j000008XUsuAAG","2023-07-17 05:46:31","0055j000006yBs7AAE","2023-07-17 11:32:25","2023-07-17 11:32:25","0"
"0125j000001dEifAAE","Treasury Service","","Accounts that provide transaction or investment services for chief financial officers or treasurers.","","01I5j000001t6Kh","1","0055j000008XUsuAAG","2023-07-17 05:46:31","0055j000006yBs7AAE","2023-07-17 11:32:25","2023-07-17 11:32:25","0"
"0125j000001dEigAAE","Business Referral","","A business or organization that is a commercial banking business referral?","0195j0000004ssfAAA","Lead","1","0055j000008XUsuAAG","2023-07-17 05:46:31","0055j000006yBs7AAE","2023-07-17 09:25:22","2023-07-17 09:25:22","0"
"0125j000001dEihAAE","Internal Community: Question Record Type","","Record type used to associate Question with a specific community","","Question","1","0055j000006yBs7AAE","2023-07-17 05:46:31","0055j000006yBs7AAE","2023-07-17 05:46:31","2023-07-17 05:46:31","0"
"0125j000001dEiiAAE","Internal Community: Reply Record Type","","Record type used to associate Reply with a specific community","","Reply","1","0055j000006yBs7AAE","2023-07-17 05:46:31","0055j000006yBs7AAE","2023-07-17 05:46:31","2023-07-17 05:46:31","0"
"0125j000001dEijAAE","Internal Ideas: Idea Record Type","","Record Type used to associate ideas with a specific community","","Idea","1","0055j000006yBs7AAE","2023-07-17 05:46:31","0055j000006yBs7AAE","2023-07-17 05:46:31","2023-07-17 05:46:31","0"
"0125j000001dEikAAE","Auto Type","","","","CustomerProperty","1","0055j000006yBs7AAE","2023-07-17 05:46:31","0055j000006yBs7AAE","2023-07-17 05:46:31","2023-07-17 05:46:31","0"
"0125j000001dEilAAE","Home Type","","","","CustomerProperty","1","0055j000006yBs7AAE","2023-07-17 05:46:31","0055j000006yBs7AAE","2023-07-17 05:46:31","2023-07-17 05:46:31","0"
